Categoria,Valor,% do Total
Aluguel,253276.24,23.759822155916545
Energia,143135.21,13.427501663202865
Matéria-prima,184719.68,17.328537195189785
Publicidade,233672.18,21.920766983848623
Salário,52746.32,4.948127714542289
Treinamento,198435.79,18.61524428729992
